﻿<?xml version="1.0" encoding="UTF-8" ?>
<questions>
    <q>What does HTML stand for?</q>
    <option id ="1">High Textual Mark Language</option>
    <option id ="2">Hyper Text Markup Language</option>
    <option id ="3">Hyperlinks and Text Markup Language</option>
    <option id ="4">Home Tool Markup Language</option>
    <a>Hyper Text Markup Language</a>

    <q>Which HTML attribute is used to define inline styles?</q>
    <option id ="1">class</option>
    <option id ="2">styles</option>
    <option id ="3">font</option>
    <option id ="4">style</option>
    <a>style</a>

    <q>What does XML stand for?</q>
    <option id ="1">X-Markup Language</option>
    <option id ="2">eXtra Modern Link</option>
    <option id ="3">eXtensible Markup Language</option>
    <option id ="4"> Example Markup Language</option>
    <a>eXtensible Markup Language</a>

    <q>Which method of the document object finds the object for an element?</q>
    <option id ="1">getelements</option>
    <option id ="2">getElementsByTag</option>
    <option id ="3">getElementByName</option>
    <option id ="4">getElementById</option>
    <a>getElementById</a>

    <q>What does CSS stand for?</q>
    <option id ="1">Computer Style Sheets</option>
    <option id ="2">Cascading Style Sheets</option>
    <option id ="3">Colorful Style Sheets</option>
    <option id ="4">Creative Style Sheets</option>
    <a>Cascading Style Sheets</a>
</questions>
